{
	"results" : [
		{
			"_id" : "Male",
			"value" : {
				"weight" : 70.01102160306887,
				"height" : 166.73882899252993
			}
		},
		{
			"_id" : "Female",
			"value" : {
				"weight" : 70.11331573604069,
				"height" : 166.8126091370557
			}
		}
	],
	"ok" : 1
}
